{
  "https://api.github.com/repos/pkjmesra/PKScreener/releases/latest":
    {
    "url": "https://api.github.com/repos/pkjmesra/PKScreener/releases/138797283",
    "assets_url": "https://api.github.com/repos/pkjmesra/PKScreener/releases/138797283/assets",
    "upload_url": "https://uploads.github.com/repos/pkjmesra/PKScreener/releases/138797283/assets{?name,label}",
    "html_url": "https://github.com/pkjmesra/PKScreener/releases/tag/0.43.20240127.112",
    "tag_name": "0.43.20240127.112",
    "name": "pkscreener - v0.43.20240127.112",
    "draft": false,
    "prerelease": false,
    "assets": [
      {
        "url": "https://api.github.com/repos/pkjmesra/PKScreener/releases/assets/148241142",
        "id": 148241142,
        "name": "pkscreenercli.bin",
        "size": 630378424,
        "download_count": 110,
        "browser_download_url": "https://github.com/pkjmesra/PKScreener/releases/download/0.43.20240127.112/pkscreenercli.bin"
      },
      {
        "url": "https://api.github.com/repos/pkjmesra/PKScreener/releases/assets/148241190",
        "id": 148241190,
        "name": "pkscreenercli.exe",
        "size": 418989233,
        "download_count": 85,
        "browser_download_url": "https://github.com/pkjmesra/PKScreener/releases/download/0.43.20240127.112/pkscreenercli.exe"
      },
      {
        "url": "https://api.github.com/repos/pkjmesra/PKScreener/releases/assets/148241752",
        "id": 148241752,
        "name": "pkscreenercli.run",
        "size": 375082912,
        "download_count": 0,
        "browser_download_url": "https://github.com/pkjmesra/PKScreener/releases/download/0.43.20240127.112/pkscreenercli.run"
      }
    ],
    "message": "Not found"
  },
  "https://raw.github.com/pkjmesra/PKScreener/actions-data-download/actions-data-scan/X_":"SBIN",
  "https://api.telegram.org/":"",
  "DateSorted.html": "test/DateSorted.html",
  "StockSorted.html": "test/StockSorted.html",
  "release.md": "release.md",
  "https://www.nseindia.com/api/marketStatus": [
    {
      "market": "Capital Market",
      "marketStatus": "Closed",
      "tradeDate": "16-Oct-2023",
      "index": "NIFTY 50",
      "last": 19731.75,
      "variation": -19.299999999999272,
      "percentChange": -0.1,
      "marketStatusMessage": "Normal Market has Closed"
    }],
    "/finance/chart/":"yfinance",
  "https://raw.githubusercontent.com/pkjmesra/PKScreener/main/.github/dependencies/nse-holidays.json":{
    "CM": [
        {
            "tradingDate": "22-Jan-2024",
            "weekDay": "Monday",
            "description": "Special Holiday\r",
            "Sr_no": 1
        },
        {
            "tradingDate": "26-Jan-2024",
            "weekDay": "Friday",
            "description": "Republic Day\r",
            "Sr_no": 2
        },
        {
            "tradingDate": "08-Mar-2024",
            "weekDay": "Friday",
            "description": "Mahashivratri\r",
            "Sr_no": 3
        },
        {
            "tradingDate": "25-Mar-2024",
            "weekDay": "Monday",
            "description": "Holi\r",
            "Sr_no": 4
        },
        {
            "tradingDate": "29-Mar-2024",
            "weekDay": "Friday",
            "description": "Good Friday\r",
            "Sr_no": 5
        },
        {
            "tradingDate": "11-Apr-2024",
            "weekDay": "Thursday",
            "description": "Id-Ul-Fitr (Ramadan Eid)\r",
            "Sr_no": 6
        },
        {
            "tradingDate": "14-Apr-2024",
            "weekDay": "Sunday",
            "description": "Dr. Baba Saheb Ambedkar Jayanti\r",
            "Sr_no": 7
        },
        {
            "tradingDate": "17-Apr-2024",
            "weekDay": "Wednesday",
            "description": "Shri Ram Navmi\r",
            "Sr_no": 8
        },
        {
            "tradingDate": "21-Apr-2024",
            "weekDay": "Sunday",
            "description": "Shri Mahavir Jayanti\r",
            "Sr_no": 9
        },
        {
            "tradingDate": "01-May-2024",
            "weekDay": "Wednesday",
            "description": "Maharashtra Day\r",
            "Sr_no": 10
        },
        {
            "tradingDate": "17-Jun-2024",
            "weekDay": "Monday",
            "description": "Bakri Id\r",
            "Sr_no": 11
        },
        {
            "tradingDate": "17-Jul-2024",
            "weekDay": "Wednesday",
            "description": "Moharram\r",
            "Sr_no": 12
        },
        {
            "tradingDate": "15-Aug-2024",
            "weekDay": "Thursday",
            "description": "Independence Day\r",
            "Sr_no": 13
        },
        {
            "tradingDate": "07-Sep-2024",
            "weekDay": "Saturday",
            "description": "Ganesh Chaturthi\r",
            "Sr_no": 14
        },
        {
            "tradingDate": "02-Oct-2024",
            "weekDay": "Wednesday",
            "description": "Mahatma Gandhi Jayanti\r",
            "Sr_no": 15
        },
        {
            "tradingDate": "12-Oct-2024",
            "weekDay": "Saturday",
            "description": "Dussehra\r",
            "Sr_no": 16
        },
        {
            "tradingDate": "01-Nov-2024",
            "weekDay": "Friday",
            "description": "Diwali Laxmi Pujan*\r",
            "Sr_no": 17
        },
        {
            "tradingDate": "02-Nov-2024",
            "weekDay": "Saturday",
            "description": "Diwali-Balipratipada\r",
            "Sr_no": 18
        },
        {
            "tradingDate": "15-Nov-2024",
            "weekDay": "Friday",
            "description": "Gurunanak Jayanti\r",
            "Sr_no": 19
        },
        {
            "tradingDate": "25-Dec-2024",
            "weekDay": "Wednesday",
            "description": "Christmas\r",
            "Sr_no": 20
        },
        {
            "tradingDate": "26-Jan-2023",
            "weekDay": "Thursday",
            "description": "Republic Day\r",
            "Sr_no": 1
        },
        {
            "tradingDate": "18-Feb-2023",
            "weekDay": "Saturday",
            "description": "Mahashivratri\r",
            "Sr_no": 2
        },
        {
            "tradingDate": "07-Mar-2023",
            "weekDay": "Tuesday",
            "description": "Holi\r",
            "Sr_no": 3
        },
        {
            "tradingDate": "30-Mar-2023",
            "weekDay": "Thursday",
            "description": "Ram Navami\r",
            "Sr_no": 4
        },
        {
            "tradingDate": "04-Apr-2023",
            "weekDay": "Tuesday",
            "description": "Mahavir Jayanti\r",
            "Sr_no": 5
        },
        {
            "tradingDate": "07-Apr-2023",
            "weekDay": "Friday",
            "description": "Good Friday\r",
            "Sr_no": 6
        },
        {
            "tradingDate": "14-Apr-2023",
            "weekDay": "Friday",
            "description": "Dr. Baba Saheb Ambedkar Jayanti\r",
            "Sr_no": 7
        },
        {
            "tradingDate": "22-Apr-2023",
            "weekDay": "Saturday",
            "description": "Id-Ul-Fitr (Ramzan ID)\r",
            "Sr_no": 8
        },
        {
            "tradingDate": "01-May-2023",
            "weekDay": "Monday",
            "description": "Maharashtra Day\r",
            "Sr_no": 9
        },
        {
            "tradingDate": "29-Jun-2023",
            "weekDay": "Thursday",
            "description": "Bakri Id\r",
            "Sr_no": 10
        },
        {
            "tradingDate": "29-Jul-2023",
            "weekDay": "Saturday",
            "description": "Moharram\r",
            "Sr_no": 11
        },
        {
            "tradingDate": "15-Aug-2023",
            "weekDay": "Tuesday",
            "description": "Independence Day\r",
            "Sr_no": 12
        },
        {
            "tradingDate": "19-Sep-2023",
            "weekDay": "Tuesday",
            "description": "Ganesh Chaturthi\r",
            "Sr_no": 13
        },
        {
            "tradingDate": "02-Oct-2023",
            "weekDay": "Monday",
            "description": "Mahatma Gandhi Jayanti\r",
            "Sr_no": 14
        },
        {
            "tradingDate": "24-Oct-2023",
            "weekDay": "Tuesday",
            "description": "Dussehra\r",
            "Sr_no": 15
        },
        {
            "tradingDate": "14-Nov-2023",
            "weekDay": "Tuesday",
            "description": "Diwali-Balipratipada\r",
            "Sr_no": 16
        },
        {
            "tradingDate": "27-Nov-2023",
            "weekDay": "Monday",
            "description": "Gurunanak Jayanti\r",
            "Sr_no": 17
        },
        {
            "tradingDate": "25-Dec-2023",
            "weekDay": "Monday",
            "description": "Christmas\r",
            "Sr_no": 18
        }
    ],
    "CM2023": [
        {
            "tradingDate": "26-Jan-2023",
            "weekDay": "Thursday",
            "description": "Republic Day\r",
            "Sr_no": 1
        },
        {
            "tradingDate": "18-Feb-2023",
            "weekDay": "Saturday",
            "description": "Mahashivratri\r",
            "Sr_no": 2
        },
        {
            "tradingDate": "07-Mar-2023",
            "weekDay": "Tuesday",
            "description": "Holi\r",
            "Sr_no": 3
        },
        {
            "tradingDate": "30-Mar-2023",
            "weekDay": "Thursday",
            "description": "Ram Navami\r",
            "Sr_no": 4
        },
        {
            "tradingDate": "04-Apr-2023",
            "weekDay": "Tuesday",
            "description": "Mahavir Jayanti\r",
            "Sr_no": 5
        },
        {
            "tradingDate": "07-Apr-2023",
            "weekDay": "Friday",
            "description": "Good Friday\r",
            "Sr_no": 6
        },
        {
            "tradingDate": "14-Apr-2023",
            "weekDay": "Friday",
            "description": "Dr. Baba Saheb Ambedkar Jayanti\r",
            "Sr_no": 7
        },
        {
            "tradingDate": "22-Apr-2023",
            "weekDay": "Saturday",
            "description": "Id-Ul-Fitr (Ramzan ID)\r",
            "Sr_no": 8
        },
        {
            "tradingDate": "01-May-2023",
            "weekDay": "Monday",
            "description": "Maharashtra Day\r",
            "Sr_no": 9
        },
        {
            "tradingDate": "29-Jun-2023",
            "weekDay": "Thursday",
            "description": "Bakri Id\r",
            "Sr_no": 10
        },
        {
            "tradingDate": "29-Jul-2023",
            "weekDay": "Saturday",
            "description": "Moharram\r",
            "Sr_no": 11
        },
        {
            "tradingDate": "15-Aug-2023",
            "weekDay": "Tuesday",
            "description": "Independence Day\r",
            "Sr_no": 12
        },
        {
            "tradingDate": "19-Sep-2023",
            "weekDay": "Tuesday",
            "description": "Ganesh Chaturthi\r",
            "Sr_no": 13
        },
        {
            "tradingDate": "02-Oct-2023",
            "weekDay": "Monday",
            "description": "Mahatma Gandhi Jayanti\r",
            "Sr_no": 14
        },
        {
            "tradingDate": "24-Oct-2023",
            "weekDay": "Tuesday",
            "description": "Dussehra\r",
            "Sr_no": 15
        },
        {
            "tradingDate": "14-Nov-2023",
            "weekDay": "Tuesday",
            "description": "Diwali-Balipratipada\r",
            "Sr_no": 16
        },
        {
            "tradingDate": "27-Nov-2023",
            "weekDay": "Monday",
            "description": "Gurunanak Jayanti\r",
            "Sr_no": 17
        },
        {
            "tradingDate": "25-Dec-2023",
            "weekDay": "Monday",
            "description": "Christmas\r",
            "Sr_no": 18
        }
    ]
}
}