{
  "CBM": [
    {
      "tradingDate": "26-Jan-2024",
      "weekDay": "Friday",
      "description": "Republic Day",
      "Sr_no": 1
    },
    {
      "tradingDate": "19-Feb-2024",
      "weekDay": "Monday",
      "description": "Chatrapati Shivaji Maharaj Jayanti",
      "Sr_no": 2
    },
    {
      "tradingDate": "08-Mar-2024",
      "weekDay": "Friday",
      "description": "Mahashivratri",
      "Sr_no": 3
    },
    {
      "tradingDate": "25-Mar-2024",
      "weekDay": "Monday",
      "description": "Holi",
      "Sr_no": 4
    },
    {
      "tradingDate": "29-Mar-2024",
      "weekDay": "Friday",
      "description": "Good Friday",
      "Sr_no": 5
    },
    {
      "tradingDate": "01-Apr-2024",
      "weekDay": "Monday",
      "description": "Annual Bank Closing",
      "Sr_no": 6
    },
    {
      "tradingDate": "09-Apr-2024",
      "weekDay": "Tuesday",
      "description": "Gudi Padwa",
      "Sr_no": 7
    },
    {
      "tradingDate": "11-Apr-2024",
      "weekDay": "Thursday",
      "description": "Id-Ul-Fitr (Ramadan Id)",
      "Sr_no": 8
    },
    {
      "tradingDate": "14-Apr-2024",
      "weekDay": "Sunday",
      "description": "Dr.Baba Saheb Ambedkar Jayanti",
      "Sr_no": 9
    },
    {
      "tradingDate": "17-Apr-2024",
      "weekDay": "Wednesday",
      "description": "Shri Ram Navami",
      "Sr_no": 10
    },
    {
      "tradingDate": "21-Apr-2024",
      "weekDay": "Sunday",
      "description": "Mahavir Jayanti",
      "Sr_no": 11
    },
    {
      "tradingDate": "01-May-2024",
      "weekDay": "Wednesday",
      "description": "Maharashtra Day",
      "Sr_no": 12
    },
    {
      "tradingDate": "23-May-2024",
      "weekDay": "Thursday",
      "description": "Buddha Pournima",
      "Sr_no": 13
    },
    {
      "tradingDate": "17-Jun-2024",
      "weekDay": "Monday",
      "description": "Bakri Id",
      "Sr_no": 14
    },
    {
      "tradingDate": "17-Jul-2024",
      "weekDay": "Wednesday",
      "description": "Muharram",
      "Sr_no": 15
    },
    {
      "tradingDate": "15-Aug-2024",
      "weekDay": "Thursday",
      "description": "Independence Day/Parsi New Year",
      "Sr_no": 16
    },
    {
      "tradingDate": "07-Sep-2024",
      "weekDay": "Saturday",
      "description": "Ganesh Chaturthi",
      "Sr_no": 17
    },
    {
      "tradingDate": "16-Sep-2024",
      "weekDay": "Monday",
      "description": "Id-E-Milad",
      "Sr_no": 18
    },
    {
      "tradingDate": "02-Oct-2024",
      "weekDay": "Wednesday",
      "description": "Mahatma Gandhi Jayanti",
      "Sr_no": 19
    },
    {
      "tradingDate": "12-Oct-2024",
      "weekDay": "Saturday",
      "description": "Dussehra",
      "Sr_no": 20
    },
    {
      "tradingDate": "01-Nov-2024",
      "weekDay": "Friday",
      "description": "Diwali  Laxmi Pujan",
      "Sr_no": 21
    },
    {
      "tradingDate": "02-Nov-2024",
      "weekDay": "Saturday",
      "description": "Diwali Balipratipada",
      "Sr_no": 22
    },
    {
      "tradingDate": "15-Nov-2024",
      "weekDay": "Friday",
      "description": "Gurunanak Jayanti",
      "Sr_no": 23
    },
    {
      "tradingDate": "25-Dec-2024",
      "weekDay": "Wednesday",
      "description": "Christmas",
      "Sr_no": 24
    }
  ],
  "CD": [
    {
      "tradingDate": "26-Jan-2024",
      "weekDay": "Friday",
      "description": "Republic Day",
      "Sr_no": 1
    },
    {
      "tradingDate": "19-Feb-2024",
      "weekDay": "Monday",
      "description": "Chatrapati Shivaji Maharaj Jayanti",
      "Sr_no": 2
    },
    {
      "tradingDate": "08-Mar-2024",
      "weekDay": "Friday",
      "description": "Mahashivratri",
      "Sr_no": 3
    },
    {
      "tradingDate": "25-Mar-2024",
      "weekDay": "Monday",
      "description": "Holi",
      "Sr_no": 4
    },
    {
      "tradingDate": "29-Mar-2024",
      "weekDay": "Friday",
      "description": "Good Friday",
      "Sr_no": 5
    },
    {
      "tradingDate": "01-Apr-2024",
      "weekDay": "Monday",
      "description": "Annual Bank Closing",
      "Sr_no": 6
    },
    {
      "tradingDate": "09-Apr-2024",
      "weekDay": "Tuesday",
      "description": "Gudhipadwa",
      "Sr_no": 7
    },
    {
      "tradingDate": "11-Apr-2024",
      "weekDay": "Thursday",
      "description": "Id-Ul-Fitr (Ramzan Id)",
      "Sr_no": 8
    },
    {
      "tradingDate": "14-Apr-2024",
      "weekDay": "Sunday",
      "description": "Dr.Baba Saheb Ambedkar Jayanti",
      "Sr_no": 9
    },
    {
      "tradingDate": "17-Apr-2024",
      "weekDay": "Wednesday",
      "description": "Ram Navami",
      "Sr_no": 10
    },
    {
      "tradingDate": "21-Apr-2024",
      "weekDay": "Sunday",
      "description": "Mahavir Jayanti",
      "Sr_no": 11
    },
    {
      "tradingDate": "01-May-2024",
      "weekDay": "Wednesday",
      "description": "Maharashtra Day",
      "Sr_no": 12
    },
    {
      "tradingDate": "23-May-2024",
      "weekDay": "Thursday",
      "description": "Buddha Pournima",
      "Sr_no": 13
    },
    {
      "tradingDate": "17-Jun-2024",
      "weekDay": "Monday",
      "description": "Bakri Id",
      "Sr_no": 14
    },
    {
      "tradingDate": "17-Jul-2024",
      "weekDay": "Wednesday",
      "description": "Muharram",
      "Sr_no": 15
    },
    {
      "tradingDate": "15-Aug-2024",
      "weekDay": "Thursday",
      "description": "Independence Day/Parsi New Year",
      "Sr_no": 16
    },
    {
      "tradingDate": "07-Sep-2024",
      "weekDay": "Saturday",
      "description": "Ganesh Chaturthi",
      "Sr_no": 17
    },
    {
      "tradingDate": "16-Sep-2024",
      "weekDay": "Monday",
      "description": "Id-E-Milad",
      "Sr_no": 18
    },
    {
      "tradingDate": "02-Oct-2024",
      "weekDay": "Wednesday",
      "description": "Mahatma Gandhi Jayanti",
      "Sr_no": 19
    },
    {
      "tradingDate": "12-Oct-2024",
      "weekDay": "Saturday",
      "description": "Dussehra",
      "Sr_no": 20
    },
    {
      "tradingDate": "01-Nov-2024",
      "weekDay": "Friday",
      "description": "Diwali * Laxmi Pujan",
      "Sr_no": 21
    },
    {
      "tradingDate": "02-Nov-2024",
      "weekDay": "Saturday",
      "description": "Diwali Balipratipada",
      "Sr_no": 22
    },
    {
      "tradingDate": "15-Nov-2024",
      "weekDay": "Friday",
      "description": "Gurunanak Jayanti",
      "Sr_no": 23
    },
    {
      "tradingDate": "25-Dec-2024",
      "weekDay": "Wednesday",
      "description": "Christmas",
      "Sr_no": 24
    }
  ],
  "CM": [
    {
      "tradingDate": "26-Jan-2024",
      "weekDay": "Friday",
      "description": "Republic Day",
      "Sr_no": 1
    },
    {
      "tradingDate": "08-Mar-2024",
      "weekDay": "Friday",
      "description": "Mahashivratri",
      "Sr_no": 2
    },
    {
      "tradingDate": "25-Mar-2024",
      "weekDay": "Monday",
      "description": "Holi",
      "Sr_no": 3
    },
    {
      "tradingDate": "29-Mar-2024",
      "weekDay": "Friday",
      "description": "Good Friday",
      "Sr_no": 4
    },
    {
      "tradingDate": "11-Apr-2024",
      "weekDay": "Thursday",
      "description": "Id-Ul-Fitr (Ramadan Eid)",
      "Sr_no": 5
    },
    {
      "tradingDate": "14-Apr-2024",
      "weekDay": "Sunday",
      "description": "Dr. Baba Saheb Ambedkar Jayanti",
      "Sr_no": 6
    },
    {
      "tradingDate": "17-Apr-2024",
      "weekDay": "Wednesday",
      "description": "Shri Ram Navmi",
      "Sr_no": 7
    },
    {
      "tradingDate": "21-Apr-2024",
      "weekDay": "Sunday",
      "description": "Shri Mahavir Jayanti",
      "Sr_no": 8
    },
    {
      "tradingDate": "01-May-2024",
      "weekDay": "Wednesday",
      "description": "Maharashtra Day",
      "Sr_no": 9
    },
    {
      "tradingDate": "17-Jun-2024",
      "weekDay": "Monday",
      "description": "Bakri Id",
      "Sr_no": 10
    },
    {
      "tradingDate": "17-Jul-2024",
      "weekDay": "Wednesday",
      "description": "Moharram",
      "Sr_no": 11
    },
    {
      "tradingDate": "15-Aug-2024",
      "weekDay": "Thursday",
      "description": "Independence Day",
      "Sr_no": 12
    },
    {
      "tradingDate": "07-Sep-2024",
      "weekDay": "Saturday",
      "description": "Ganesh Chaturthi",
      "Sr_no": 13
    },
    {
      "tradingDate": "02-Oct-2024",
      "weekDay": "Wednesday",
      "description": "Mahatma Gandhi Jayanti",
      "Sr_no": 14
    },
    {
      "tradingDate": "12-Oct-2024",
      "weekDay": "Saturday",
      "description": "Dussehra",
      "Sr_no": 15
    },
    {
      "tradingDate": "01-Nov-2024",
      "weekDay": "Friday",
      "description": "Diwali Laxmi Pujan*",
      "Sr_no": 16
    },
    {
      "tradingDate": "02-Nov-2024",
      "weekDay": "Saturday",
      "description": "Diwali-Balipratipada",
      "Sr_no": 17
    },
    {
      "tradingDate": "15-Nov-2024",
      "weekDay": "Friday",
      "description": "Gurunanak Jayanti",
      "Sr_no": 18
    },
    {
      "tradingDate": "25-Dec-2024",
      "weekDay": "Wednesday",
      "description": "Christmas",
      "Sr_no": 19
    },
    {
      "tradingDate": "26-Jan-2023",
      "weekDay": "Thursday",
      "description": "Republic Day\r",
      "Sr_no": 1
    },
    {
      "tradingDate": "18-Feb-2023",
      "weekDay": "Saturday",
      "description": "Mahashivratri\r",
      "Sr_no": 2
    },
    {
      "tradingDate": "07-Mar-2023",
      "weekDay": "Tuesday",
      "description": "Holi\r",
      "Sr_no": 3
    },
    {
      "tradingDate": "30-Mar-2023",
      "weekDay": "Thursday",
      "description": "Ram Navami\r",
      "Sr_no": 4
    },
    {
      "tradingDate": "04-Apr-2023",
      "weekDay": "Tuesday",
      "description": "Mahavir Jayanti\r",
      "Sr_no": 5
    },
    {
      "tradingDate": "07-Apr-2023",
      "weekDay": "Friday",
      "description": "Good Friday\r",
      "Sr_no": 6
    },
    {
      "tradingDate": "14-Apr-2023",
      "weekDay": "Friday",
      "description": "Dr. Baba Saheb Ambedkar Jayanti\r",
      "Sr_no": 7
    },
    {
      "tradingDate": "22-Apr-2023",
      "weekDay": "Saturday",
      "description": "Id-Ul-Fitr (Ramzan ID)\r",
      "Sr_no": 8
    },
    {
      "tradingDate": "01-May-2023",
      "weekDay": "Monday",
      "description": "Maharashtra Day\r",
      "Sr_no": 9
    },
    {
      "tradingDate": "29-Jun-2023",
      "weekDay": "Thursday",
      "description": "Bakri Id\r",
      "Sr_no": 10
    },
    {
      "tradingDate": "29-Jul-2023",
      "weekDay": "Saturday",
      "description": "Moharram\r",
      "Sr_no": 11
    },
    {
      "tradingDate": "15-Aug-2023",
      "weekDay": "Tuesday",
      "description": "Independence Day\r",
      "Sr_no": 12
    },
    {
      "tradingDate": "19-Sep-2023",
      "weekDay": "Tuesday",
      "description": "Ganesh Chaturthi\r",
      "Sr_no": 13
    },
    {
      "tradingDate": "02-Oct-2023",
      "weekDay": "Monday",
      "description": "Mahatma Gandhi Jayanti\r",
      "Sr_no": 14
    },
    {
      "tradingDate": "24-Oct-2023",
      "weekDay": "Tuesday",
      "description": "Dussehra\r",
      "Sr_no": 15
    },
    {
      "tradingDate": "14-Nov-2023",
      "weekDay": "Tuesday",
      "description": "Diwali-Balipratipada\r",
      "Sr_no": 16
    },
    {
      "tradingDate": "27-Nov-2023",
      "weekDay": "Monday",
      "description": "Gurunanak Jayanti\r",
      "Sr_no": 17
    },
    {
      "tradingDate": "25-Dec-2023",
      "weekDay": "Monday",
      "description": "Christmas\r",
      "Sr_no": 18
    }
  ],
  "CMOT": [
    {
      "tradingDate": "26-Jan-2024",
      "weekDay": "Friday",
      "description": "Republic Day",
      "Sr_no": 1
    },
    {
      "tradingDate": "08-Mar-2024",
      "weekDay": "Friday",
      "description": "Mahashivratri",
      "Sr_no": 2
    },
    {
      "tradingDate": "25-Mar-2024",
      "weekDay": "Monday",
      "description": "Holi",
      "Sr_no": 3
    },
    {
      "tradingDate": "29-Mar-2024",
      "weekDay": "Friday",
      "description": "Good Friday",
      "Sr_no": 4
    },
    {
      "tradingDate": "11-Apr-2024",
      "weekDay": "Thursday",
      "description": "Id-Ul-Fitr (Ramadan Eid)",
      "Sr_no": 5
    },
    {
      "tradingDate": "14-Apr-2024",
      "weekDay": "Sunday",
      "description": "Dr. Baba Saheb Ambedkar Jayanti",
      "Sr_no": 6
    },
    {
      "tradingDate": "17-Apr-2024",
      "weekDay": "Wednesday",
      "description": "Shri Ram Navmi",
      "Sr_no": 7
    },
    {
      "tradingDate": "21-Apr-2024",
      "weekDay": "Sunday",
      "description": "Shri Mahavir Jayanti",
      "Sr_no": 8
    },
    {
      "tradingDate": "01-May-2024",
      "weekDay": "Wednesday",
      "description": "Maharashtra Day",
      "Sr_no": 9
    },
    {
      "tradingDate": "17-Jun-2024",
      "weekDay": "Monday",
      "description": "Bakri Id",
      "Sr_no": 10
    },
    {
      "tradingDate": "17-Jul-2024",
      "weekDay": "Wednesday",
      "description": "Moharram",
      "Sr_no": 11
    },
    {
      "tradingDate": "15-Aug-2024",
      "weekDay": "Thursday",
      "description": "Independence Day",
      "Sr_no": 12
    },
    {
      "tradingDate": "07-Sep-2024",
      "weekDay": "Saturday",
      "description": "Ganesh Chaturthi",
      "Sr_no": 13
    },
    {
      "tradingDate": "02-Oct-2024",
      "weekDay": "Wednesday",
      "description": "Mahatma Gandhi Jayanti",
      "Sr_no": 14
    },
    {
      "tradingDate": "12-Oct-2024",
      "weekDay": "Saturday",
      "description": "Dussehra",
      "Sr_no": 15
    },
    {
      "tradingDate": "01-Nov-2024",
      "weekDay": "Friday",
      "description": "Diwali Laxmi Pujan*",
      "Sr_no": 16
    },
    {
      "tradingDate": "02-Nov-2024",
      "weekDay": "Saturday",
      "description": "Diwali-Balipratipada",
      "Sr_no": 17
    },
    {
      "tradingDate": "15-Nov-2024",
      "weekDay": "Friday",
      "description": "Gurunanak Jayanti",
      "Sr_no": 18
    },
    {
      "tradingDate": "25-Dec-2024",
      "weekDay": "Wednesday",
      "description": "Christmas",
      "Sr_no": 19
    }
  ],
  "COM": [
    {
      "tradingDate": "26-Jan-2024",
      "weekDay": "Friday",
      "description": "Republic Day",
      "Sr_no": 1
    },
    {
      "tradingDate": "29-Mar-2024",
      "weekDay": "Friday",
      "description": "Good Friday",
      "Sr_no": 2
    },
    {
      "tradingDate": "14-Apr-2024",
      "weekDay": "Sunday",
      "description": "Dr. Baba Saheb Ambedkar Jayanti",
      "Sr_no": 3
    },
    {
      "tradingDate": "21-Apr-2024",
      "weekDay": "Sunday",
      "description": "Mahavir Jayanti",
      "Sr_no": 4
    },
    {
      "tradingDate": "15-Aug-2024",
      "weekDay": "Thursday",
      "description": "Independence Day",
      "Sr_no": 5
    },
    {
      "tradingDate": "07-Sep-2024",
      "weekDay": "Saturday",
      "description": "Ganesh Chaturthi",
      "Sr_no": 6
    },
    {
      "tradingDate": "02-Oct-2024",
      "weekDay": "Wednesday",
      "description": "Mahatma Gandhi Jayanti",
      "Sr_no": 7
    },
    {
      "tradingDate": "12-Oct-2024",
      "weekDay": "Saturday",
      "description": "Dussehra",
      "Sr_no": 8
    },
    {
      "tradingDate": "01-Nov-2024",
      "weekDay": "Friday",
      "description": "Diwali Laxmi Pujan*",
      "Sr_no": 9
    },
    {
      "tradingDate": "02-Nov-2024",
      "weekDay": "Saturday",
      "description": "Diwali-Balipratipada",
      "Sr_no": 10
    },
    {
      "tradingDate": "25-Dec-2024",
      "weekDay": "Wednesday",
      "description": "Christmas",
      "Sr_no": 11
    }
  ],
  "FO": [
    {
      "tradingDate": "26-Jan-2024",
      "weekDay": "Friday",
      "description": "Republic Day",
      "Sr_no": 1
    },
    {
      "tradingDate": "08-Mar-2024",
      "weekDay": "Friday",
      "description": "Mahashivratri",
      "Sr_no": 2
    },
    {
      "tradingDate": "25-Mar-2024",
      "weekDay": "Monday",
      "description": "Holi",
      "Sr_no": 3
    },
    {
      "tradingDate": "29-Mar-2024",
      "weekDay": "Friday",
      "description": "Good Friday",
      "Sr_no": 4
    },
    {
      "tradingDate": "11-Apr-2024",
      "weekDay": "Thursday",
      "description": "Id-Ul-Fitr (Ramadan Eid)",
      "Sr_no": 5
    },
    {
      "tradingDate": "14-Apr-2024",
      "weekDay": "Sunday",
      "description": "Dr. Baba Saheb Ambedkar Jayanti",
      "Sr_no": 6
    },
    {
      "tradingDate": "17-Apr-2024",
      "weekDay": "Wednesday",
      "description": "Shri Ram Navmi",
      "Sr_no": 7
    },
    {
      "tradingDate": "21-Apr-2024",
      "weekDay": "Sunday",
      "description": "Shri Mahavir Jayanti",
      "Sr_no": 8
    },
    {
      "tradingDate": "01-May-2024",
      "weekDay": "Wednesday",
      "description": "Maharashtra Day",
      "Sr_no": 9
    },
    {
      "tradingDate": "17-Jun-2024",
      "weekDay": "Monday",
      "description": "Bakri Id",
      "Sr_no": 10
    },
    {
      "tradingDate": "17-Jul-2024",
      "weekDay": "Wednesday",
      "description": "Moharram",
      "Sr_no": 11
    },
    {
      "tradingDate": "15-Aug-2024",
      "weekDay": "Thursday",
      "description": "Independence Day",
      "Sr_no": 12
    },
    {
      "tradingDate": "07-Sep-2024",
      "weekDay": "Saturday",
      "description": "Ganesh Chaturthi",
      "Sr_no": 13
    },
    {
      "tradingDate": "02-Oct-2024",
      "weekDay": "Wednesday",
      "description": "Mahatma Gandhi Jayanti",
      "Sr_no": 14
    },
    {
      "tradingDate": "12-Oct-2024",
      "weekDay": "Saturday",
      "description": "Dussehra",
      "Sr_no": 15
    },
    {
      "tradingDate": "01-Nov-2024",
      "weekDay": "Friday",
      "description": "Diwali Laxmi Pujan*",
      "Sr_no": 16
    },
    {
      "tradingDate": "02-Nov-2024",
      "weekDay": "Saturday",
      "description": "Diwali-Balipratipada",
      "Sr_no": 17
    },
    {
      "tradingDate": "15-Nov-2024",
      "weekDay": "Friday",
      "description": "Gurunanak Jayanti",
      "Sr_no": 18
    },
    {
      "tradingDate": "25-Dec-2024",
      "weekDay": "Wednesday",
      "description": "Christmas",
      "Sr_no": 19
    }
  ],
  "IRD": [
    {
      "tradingDate": "26-Jan-2024",
      "weekDay": "Friday",
      "description": "Republic Day",
      "Sr_no": 1
    },
    {
      "tradingDate": "19-Feb-2024",
      "weekDay": "Monday",
      "description": "Chatrapati Shivaji Maharaj Jayanti",
      "Sr_no": 2
    },
    {
      "tradingDate": "08-Mar-2024",
      "weekDay": "Friday",
      "description": "Mahashivratri",
      "Sr_no": 3
    },
    {
      "tradingDate": "25-Mar-2024",
      "weekDay": "Monday",
      "description": "Holi",
      "Sr_no": 4
    },
    {
      "tradingDate": "29-Mar-2024",
      "weekDay": "Friday",
      "description": "Good Friday",
      "Sr_no": 5
    },
    {
      "tradingDate": "01-Apr-2024",
      "weekDay": "Monday",
      "description": "Annual Bank Closing",
      "Sr_no": 6
    },
    {
      "tradingDate": "09-Apr-2024",
      "weekDay": "Tuesday",
      "description": "Gudhipadwa",
      "Sr_no": 7
    },
    {
      "tradingDate": "11-Apr-2024",
      "weekDay": "Thursday",
      "description": "Id-Ul-Fitr (Ramzan Id)",
      "Sr_no": 8
    },
    {
      "tradingDate": "14-Apr-2024",
      "weekDay": "Sunday",
      "description": "Dr.Baba Saheb Ambedkar Jayanti",
      "Sr_no": 9
    },
    {
      "tradingDate": "17-Apr-2024",
      "weekDay": "Wednesday",
      "description": "Ram Navami",
      "Sr_no": 10
    },
    {
      "tradingDate": "21-Apr-2024",
      "weekDay": "Sunday",
      "description": "Mahavir Jayanti",
      "Sr_no": 11
    },
    {
      "tradingDate": "01-May-2024",
      "weekDay": "Wednesday",
      "description": "Maharashtra Day",
      "Sr_no": 12
    },
    {
      "tradingDate": "23-May-2024",
      "weekDay": "Thursday",
      "description": "Buddha Pournima",
      "Sr_no": 13
    },
    {
      "tradingDate": "17-Jun-2024",
      "weekDay": "Monday",
      "description": "Bakri Id",
      "Sr_no": 14
    },
    {
      "tradingDate": "17-Jul-2024",
      "weekDay": "Wednesday",
      "description": "Muharram",
      "Sr_no": 15
    },
    {
      "tradingDate": "15-Aug-2024",
      "weekDay": "Thursday",
      "description": "Independence Day/Parsi New Year",
      "Sr_no": 16
    },
    {
      "tradingDate": "07-Sep-2024",
      "weekDay": "Saturday",
      "description": "Ganesh Chaturthi",
      "Sr_no": 17
    },
    {
      "tradingDate": "16-Sep-2024",
      "weekDay": "Monday",
      "description": "Id-E-Milad",
      "Sr_no": 18
    },
    {
      "tradingDate": "02-Oct-2024",
      "weekDay": "Wednesday",
      "description": "Mahatma Gandhi Jayanti",
      "Sr_no": 19
    },
    {
      "tradingDate": "12-Oct-2024",
      "weekDay": "Saturday",
      "description": "Dussehra",
      "Sr_no": 20
    },
    {
      "tradingDate": "01-Nov-2024",
      "weekDay": "Friday",
      "description": "Diwali * Laxmi Pujan",
      "Sr_no": 21
    },
    {
      "tradingDate": "02-Nov-2024",
      "weekDay": "Saturday",
      "description": "Diwali Balipratipada",
      "Sr_no": 22
    },
    {
      "tradingDate": "15-Nov-2024",
      "weekDay": "Friday",
      "description": "Gurunanak Jayanti",
      "Sr_no": 23
    },
    {
      "tradingDate": "25-Dec-2024",
      "weekDay": "Wednesday",
      "description": "Christmas",
      "Sr_no": 24
    }
  ],
  "MF": [
    {
      "tradingDate": "26-Jan-2024",
      "weekDay": "Friday",
      "description": "Republic Day",
      "Sr_no": 1
    },
    {
      "tradingDate": "08-Mar-2024",
      "weekDay": "Friday",
      "description": "Mahashivratri",
      "Sr_no": 2
    },
    {
      "tradingDate": "25-Mar-2024",
      "weekDay": "Monday",
      "description": "Holi",
      "Sr_no": 3
    },
    {
      "tradingDate": "29-Mar-2024",
      "weekDay": "Friday",
      "description": "Good Friday",
      "Sr_no": 4
    },
    {
      "tradingDate": "11-Apr-2024",
      "weekDay": "Thursday",
      "description": "Id-Ul-Fitr (Ramadan Eid)",
      "Sr_no": 5
    },
    {
      "tradingDate": "14-Apr-2024",
      "weekDay": "Sunday",
      "description": "Dr. Baba Saheb Ambedkar Jayanti",
      "Sr_no": 6
    },
    {
      "tradingDate": "17-Apr-2024",
      "weekDay": "Wednesday",
      "description": "Shri Ram Navmi",
      "Sr_no": 7
    },
    {
      "tradingDate": "21-Apr-2024",
      "weekDay": "Sunday",
      "description": "Shri Mahavir Jayanti",
      "Sr_no": 8
    },
    {
      "tradingDate": "01-May-2024",
      "weekDay": "Wednesday",
      "description": "Maharashtra Day",
      "Sr_no": 9
    },
    {
      "tradingDate": "17-Jun-2024",
      "weekDay": "Monday",
      "description": "Bakri Id",
      "Sr_no": 10
    },
    {
      "tradingDate": "17-Jul-2024",
      "weekDay": "Wednesday",
      "description": "Moharram",
      "Sr_no": 11
    },
    {
      "tradingDate": "15-Aug-2024",
      "weekDay": "Thursday",
      "description": "Independence Day/Parsi New Year",
      "Sr_no": 12
    },
    {
      "tradingDate": "07-Sep-2024",
      "weekDay": "Saturday",
      "description": "Ganesh Chaturthi",
      "Sr_no": 13
    },
    {
      "tradingDate": "02-Oct-2024",
      "weekDay": "Wednesday",
      "description": "Mahatma Gandhi Jayanti",
      "Sr_no": 14
    },
    {
      "tradingDate": "12-Oct-2024",
      "weekDay": "Saturday",
      "description": "Dussehra",
      "Sr_no": 15
    },
    {
      "tradingDate": "01-Nov-2024",
      "weekDay": "Friday",
      "description": "Diwali Laxmi Pujan",
      "Sr_no": 16
    },
    {
      "tradingDate": "02-Nov-2024",
      "weekDay": "Saturday",
      "description": "Diwali-Balipratipada",
      "Sr_no": 17
    },
    {
      "tradingDate": "15-Nov-2024",
      "weekDay": "Friday",
      "description": "Gurunanak Jayanti",
      "Sr_no": 18
    },
    {
      "tradingDate": "25-Dec-2024",
      "weekDay": "Wednesday",
      "description": "Christmas",
      "Sr_no": 19
    }
  ],
  "NDM": [
    {
      "tradingDate": "26-Jan-2024",
      "weekDay": "Friday",
      "description": "Republic Day",
      "Sr_no": 1
    },
    {
      "tradingDate": "19-Feb-2024",
      "weekDay": "Monday",
      "description": "Chatrapati Shivaji Maharaj Jayanti",
      "Sr_no": 2
    },
    {
      "tradingDate": "08-Mar-2024",
      "weekDay": "Friday",
      "description": "Mahashivratri",
      "Sr_no": 3
    },
    {
      "tradingDate": "25-Mar-2024",
      "weekDay": "Monday",
      "description": "Holi",
      "Sr_no": 4
    },
    {
      "tradingDate": "29-Mar-2024",
      "weekDay": "Friday",
      "description": "Good Friday",
      "Sr_no": 5
    },
    {
      "tradingDate": "01-Apr-2024",
      "weekDay": "Monday",
      "description": "Annual Bank Closing",
      "Sr_no": 6
    },
    {
      "tradingDate": "09-Apr-2024",
      "weekDay": "Tuesday",
      "description": "Gudhipadwa",
      "Sr_no": 7
    },
    {
      "tradingDate": "11-Apr-2024",
      "weekDay": "Thursday",
      "description": "Id-Ul-Fitr (Ramzan Id)",
      "Sr_no": 8
    },
    {
      "tradingDate": "14-Apr-2024",
      "weekDay": "Sunday",
      "description": "Dr.Baba Saheb Ambedkar Jayanti",
      "Sr_no": 9
    },
    {
      "tradingDate": "17-Apr-2024",
      "weekDay": "Wednesday",
      "description": "Ram Navami",
      "Sr_no": 10
    },
    {
      "tradingDate": "21-Apr-2024",
      "weekDay": "Sunday",
      "description": "Mahavir Jayanti",
      "Sr_no": 11
    },
    {
      "tradingDate": "01-May-2024",
      "weekDay": "Wednesday",
      "description": "Maharashtra Day",
      "Sr_no": 12
    },
    {
      "tradingDate": "23-May-2024",
      "weekDay": "Thursday",
      "description": "Buddha Pournima",
      "Sr_no": 13
    },
    {
      "tradingDate": "17-Jun-2024",
      "weekDay": "Monday",
      "description": "Bakri Id",
      "Sr_no": 14
    },
    {
      "tradingDate": "17-Jul-2024",
      "weekDay": "Wednesday",
      "description": "Muharram",
      "Sr_no": 15
    },
    {
      "tradingDate": "15-Aug-2024",
      "weekDay": "Thursday",
      "description": "Independence Day/Parsi New Year",
      "Sr_no": 16
    },
    {
      "tradingDate": "07-Sep-2024",
      "weekDay": "Saturday",
      "description": "Ganesh Chaturthi",
      "Sr_no": 17
    },
    {
      "tradingDate": "16-Sep-2024",
      "weekDay": "Monday",
      "description": "Id-E-Milad",
      "Sr_no": 18
    },
    {
      "tradingDate": "02-Oct-2024",
      "weekDay": "Wednesday",
      "description": "Mahatma Gandhi Jayanti",
      "Sr_no": 19
    },
    {
      "tradingDate": "12-Oct-2024",
      "weekDay": "Saturday",
      "description": "Dussehra",
      "Sr_no": 20
    },
    {
      "tradingDate": "01-Nov-2024",
      "weekDay": "Friday",
      "description": "Diwali  Laxmi Pujan",
      "Sr_no": 21
    },
    {
      "tradingDate": "02-Nov-2024",
      "weekDay": "Saturday",
      "description": "Diwali Balipratipada",
      "Sr_no": 22
    },
    {
      "tradingDate": "15-Nov-2024",
      "weekDay": "Friday",
      "description": "Gurunanak Jayanti",
      "Sr_no": 23
    },
    {
      "tradingDate": "25-Dec-2024",
      "weekDay": "Wednesday",
      "description": "Christmas",
      "Sr_no": 24
    }
  ],
  "NTRP": [
    {
      "tradingDate": "26-Jan-2024",
      "weekDay": "Friday",
      "description": "Republic Day",
      "Sr_no": 1
    },
    {
      "tradingDate": "19-Feb-2024",
      "weekDay": "Monday",
      "description": "Chatrapati Shivaji Maharaj Jayanti",
      "Sr_no": 2
    },
    {
      "tradingDate": "08-Mar-2024",
      "weekDay": "Friday",
      "description": "Mahashivratri",
      "Sr_no": 3
    },
    {
      "tradingDate": "25-Mar-2024",
      "weekDay": "Monday",
      "description": "Holi",
      "Sr_no": 4
    },
    {
      "tradingDate": "29-Mar-2024",
      "weekDay": "Friday",
      "description": "Good Friday",
      "Sr_no": 5
    },
    {
      "tradingDate": "01-Apr-2024",
      "weekDay": "Monday",
      "description": "Annual Bank Closing",
      "Sr_no": 6
    },
    {
      "tradingDate": "09-Apr-2024",
      "weekDay": "Tuesday",
      "description": "Gudhipadwa",
      "Sr_no": 7
    },
    {
      "tradingDate": "11-Apr-2024",
      "weekDay": "Thursday",
      "description": "Id-Ul-Fitr (Ramzan Id)",
      "Sr_no": 8
    },
    {
      "tradingDate": "14-Apr-2024",
      "weekDay": "Sunday",
      "description": "Dr.Baba Saheb Ambedkar Jayanti",
      "Sr_no": 9
    },
    {
      "tradingDate": "17-Apr-2024",
      "weekDay": "Wednesday",
      "description": "Ram Navami",
      "Sr_no": 10
    },
    {
      "tradingDate": "21-Apr-2024",
      "weekDay": "Sunday",
      "description": "Mahavir Jayanti",
      "Sr_no": 11
    },
    {
      "tradingDate": "01-May-2024",
      "weekDay": "Wednesday",
      "description": "Maharashtra Day",
      "Sr_no": 12
    },
    {
      "tradingDate": "23-May-2024",
      "weekDay": "Thursday",
      "description": "Buddha Pournima",
      "Sr_no": 13
    },
    {
      "tradingDate": "17-Jun-2024",
      "weekDay": "Monday",
      "description": "Bakri Id",
      "Sr_no": 14
    },
    {
      "tradingDate": "17-Jul-2024",
      "weekDay": "Wednesday",
      "description": "Muharram",
      "Sr_no": 15
    },
    {
      "tradingDate": "15-Aug-2024",
      "weekDay": "Thursday",
      "description": "Independence Day/Parsi New Year",
      "Sr_no": 16
    },
    {
      "tradingDate": "07-Sep-2024",
      "weekDay": "Saturday",
      "description": "Ganesh Chaturthi",
      "Sr_no": 17
    },
    {
      "tradingDate": "16-Sep-2024",
      "weekDay": "Monday",
      "description": "Id-E-Milad",
      "Sr_no": 18
    },
    {
      "tradingDate": "02-Oct-2024",
      "weekDay": "Wednesday",
      "description": "Mahatma Gandhi Jayanti",
      "Sr_no": 19
    },
    {
      "tradingDate": "12-Oct-2024",
      "weekDay": "Saturday",
      "description": "Dussehra",
      "Sr_no": 20
    },
    {
      "tradingDate": "01-Nov-2024",
      "weekDay": "Friday",
      "description": "Diwali  Laxmi Pujan",
      "Sr_no": 21
    },
    {
      "tradingDate": "02-Nov-2024",
      "weekDay": "Saturday",
      "description": "Diwali Balipratipada",
      "Sr_no": 22
    },
    {
      "tradingDate": "15-Nov-2024",
      "weekDay": "Friday",
      "description": "Gurunanak Jayanti",
      "Sr_no": 23
    },
    {
      "tradingDate": "25-Dec-2024",
      "weekDay": "Wednesday",
      "description": "Christmas",
      "Sr_no": 24
    }
  ],
  "SLBS": [
    {
      "tradingDate": "26-Jan-2024",
      "weekDay": "Friday",
      "description": "Republic Day",
      "Sr_no": 1
    },
    {
      "tradingDate": "08-Mar-2024",
      "weekDay": "Friday",
      "description": "Mahashivratri",
      "Sr_no": 2
    },
    {
      "tradingDate": "25-Mar-2024",
      "weekDay": "Monday",
      "description": "Holi",
      "Sr_no": 3
    },
    {
      "tradingDate": "29-Mar-2024",
      "weekDay": "Friday",
      "description": "Good Friday",
      "Sr_no": 4
    },
    {
      "tradingDate": "11-Apr-2024",
      "weekDay": "Thursday",
      "description": "Id-Ul-Fitr (Ramadan Eid)",
      "Sr_no": 5
    },
    {
      "tradingDate": "14-Apr-2024",
      "weekDay": "Sunday",
      "description": "Dr. Baba Saheb Ambedkar Jayanti",
      "Sr_no": 6
    },
    {
      "tradingDate": "17-Apr-2024",
      "weekDay": "Wednesday",
      "description": "Shri Ram Navmi",
      "Sr_no": 7
    },
    {
      "tradingDate": "21-Apr-2024",
      "weekDay": "Sunday",
      "description": "Shri Mahavir Jayanti",
      "Sr_no": 8
    },
    {
      "tradingDate": "01-May-2024",
      "weekDay": "Wednesday",
      "description": "Maharashtra Day",
      "Sr_no": 9
    },
    {
      "tradingDate": "17-Jun-2024",
      "weekDay": "Monday",
      "description": "Bakri Id",
      "Sr_no": 10
    },
    {
      "tradingDate": "17-Jul-2024",
      "weekDay": "Wednesday",
      "description": "Moharram",
      "Sr_no": 11
    },
    {
      "tradingDate": "15-Aug-2024",
      "weekDay": "Thursday",
      "description": "Independence Day",
      "Sr_no": 12
    },
    {
      "tradingDate": "07-Sep-2024",
      "weekDay": "Saturday",
      "description": "Ganesh Chaturthi",
      "Sr_no": 13
    },
    {
      "tradingDate": "02-Oct-2024",
      "weekDay": "Wednesday",
      "description": "Mahatma Gandhi Jayanti",
      "Sr_no": 14
    },
    {
      "tradingDate": "12-Oct-2024",
      "weekDay": "Saturday",
      "description": "Dussehra",
      "Sr_no": 15
    },
    {
      "tradingDate": "01-Nov-2024",
      "weekDay": "Friday",
      "description": "Diwali Laxmi Pujan*",
      "Sr_no": 16
    },
    {
      "tradingDate": "02-Nov-2024",
      "weekDay": "Saturday",
      "description": "Diwali-Balipratipada",
      "Sr_no": 17
    },
    {
      "tradingDate": "15-Nov-2024",
      "weekDay": "Friday",
      "description": "Gurunanak Jayanti",
      "Sr_no": 18
    },
    {
      "tradingDate": "25-Dec-2024",
      "weekDay": "Wednesday",
      "description": "Christmas",
      "Sr_no": 19
    }
  ]
}